{"cameraMode":{"drawMode":0,"name":"Shaded","section":"Shading Mode"},"sceneLighting":false,"audioPlay":false,"sceneViewState":{"m_AlwaysRefresh":false,"showFog":true,"showSkybox":false,"showFlares":true,"showImageEffects":true,"showParticleSystems":true,"showVisualEffectGraphs":true,"m_FxEnabled":true},"in2DMode":false,"pivot":{"x":2.721007823944092,"y":-7.210296630859375,"z":0.047994136810302737},"rotation":{"x":-0.13015946745872498,"y":-0.011035689152777195,"z":0.0012800645781680942,"w":-0.9917246699333191},"size":2.639408588409424,"orthographic":false}