{"cameraMode":{"drawMode":0,"name":"Shaded","section":"Shading Mode"},"sceneLighting":false,"audioPlay":false,"sceneViewState":{"m_AlwaysRefresh":false,"showFog":true,"showSkybox":false,"showFlares":true,"showImageEffects":true,"showParticleSystems":true,"showVisualEffectGraphs":true,"m_FxEnabled":true},"in2DMode":false,"pivot":{"x":-0.0673508569598198,"y":-7.290010452270508,"z":-0.011367559432983399},"rotation":{"x":-0.044972848147153857,"y":-0.023974493145942689,"z":-0.001074960920959711,"w":0.9987238049507141},"size":1.130399465560913,"orthographic":false}