{"cameraMode":{"drawMode":0,"name":"Shaded","section":"Shading Mode"},"sceneLighting":false,"audioPlay":false,"sceneViewState":{"m_AlwaysRefresh":false,"showFog":true,"showSkybox":false,"showFlares":true,"showImageEffects":true,"showParticleSystems":true,"showVisualEffectGraphs":true,"m_FxEnabled":true},"in2DMode":false,"pivot":{"x":0.07211494445800781,"y":1.8502616882324219,"z":-0.08115339279174805},"rotation":{"x":0.14711783826351167,"y":-0.22055211663246156,"z":0.033672086894512179,"w":0.9636352062225342},"size":4.775738716125488,"orthographic":false}