{"cameraMode":{"drawMode":0,"name":"Shaded","section":"Shading Mode"},"sceneLighting":false,"audioPlay":false,"sceneViewState":{"m_AlwaysRefresh":false,"showFog":true,"showSkybox":false,"showFlares":true,"showImageEffects":true,"showParticleSystems":true,"showVisualEffectGraphs":true,"m_FxEnabled":true},"in2DMode":false,"pivot":{"x":0.4753790497779846,"y":-0.3128259778022766,"z":-0.520309567451477},"rotation":{"x":0.013453934341669083,"y":-0.08389753103256226,"z":0.0011105613084509969,"w":0.9964187741279602},"size":0.5703210830688477,"orthographic":false}