{"cameraMode":{"drawMode":0,"name":"Shaded","section":"Shading Mode"},"sceneLighting":false,"audioPlay":false,"sceneViewState":{"m_AlwaysRefresh":false,"showFog":true,"showSkybox":false,"showFlares":true,"showImageEffects":true,"showParticleSystems":true,"showVisualEffectGraphs":true,"m_FxEnabled":true},"in2DMode":false,"pivot":{"x":0.6776611804962158,"y":-0.28182435035705569,"z":-0.5037755966186523},"rotation":{"x":-4.980053631697956e-7,"y":0.004499506205320358,"z":-0.000022131504010758363,"w":1.0000252723693848},"size":0.6902369856834412,"orthographic":false}