{"cameraMode":{"drawMode":0,"name":"Shaded","section":"Shading Mode"},"sceneLighting":true,"audioPlay":false,"sceneViewState":{"m_AlwaysRefresh":false,"showFog":true,"showSkybox":true,"showFlares":true,"showImageEffects":true,"showParticleSystems":true,"showVisualEffectGraphs":true,"m_FxEnabled":true},"in2DMode":false,"pivot":{"x":3.1406590938568117,"y":-4.811200141906738,"z":18.823678970336915},"rotation":{"x":0.024007640779018403,"y":0.0038979374803602697,"z":-0.00007750554505037144,"w":-0.9999988675117493},"size":14.231127738952637,"orthographic":false}