{"cameraMode":{"drawMode":0,"name":"Shaded","section":"Shading Mode"},"sceneLighting":true,"audioPlay":false,"sceneViewState":{"m_AlwaysRefresh":false,"showFog":true,"showSkybox":true,"showFlares":true,"showImageEffects":true,"showParticleSystems":true,"showVisualEffectGraphs":true,"m_FxEnabled":true},"in2DMode":false,"pivot":{"x":110.98786926269531,"y":984.5254516601563,"z":-0.6146163940429688},"rotation":{"x":-0.007498260121792555,"y":-0.030607858672738076,"z":0.00017054860654752702,"w":-0.9997258186340332},"size":66.0505599975586,"orthographic":false}