{"cameraMode":{"drawMode":0,"name":"Shaded","section":"Shading Mode"},"sceneLighting":true,"audioPlay":false,"sceneViewState":{"m_AlwaysRefresh":false,"showFog":true,"showSkybox":true,"showFlares":true,"showImageEffects":true,"showParticleSystems":true,"showVisualEffectGraphs":true,"m_FxEnabled":true},"in2DMode":false,"pivot":{"x":-0.18676231801509858,"y":-0.21696719527244569,"z":-2.2094244956970217},"rotation":{"x":0.026992425322532655,"y":0.022501090541481973,"z":-0.0005908540915697813,"w":0.9995350241661072},"size":0.6433027386665344,"orthographic":false}