{"cameraMode":{"drawMode":0,"name":"Shaded","section":"Shading Mode"},"sceneLighting":true,"audioPlay":false,"sceneViewState":{"m_AlwaysRefresh":false,"showFog":true,"showSkybox":true,"showFlares":true,"showImageEffects":true,"showParticleSystems":true,"showVisualEffectGraphs":true,"m_FxEnabled":true},"in2DMode":false,"pivot":{"x":11.062150955200196,"y":-4.183406829833984,"z":2.0109074115753176},"rotation":{"x":0.15390367805957795,"y":0.005945132113993168,"z":-0.0008685017237439752,"w":0.9882127642631531},"size":6.486447811126709,"orthographic":false}