{"cameraMode":{"drawMode":0,"name":"Shaded","section":"Shading Mode"},"sceneLighting":true,"audioPlay":false,"sceneViewState":{"m_AlwaysRefresh":false,"showFog":true,"showSkybox":true,"showFlares":true,"showImageEffects":true,"showParticleSystems":true,"showVisualEffectGraphs":true,"m_FxEnabled":true},"in2DMode":false,"pivot":{"x":-1.6462501287460328,"y":5.280707836151123,"z":1.2224351167678834},"rotation":{"x":0.011999804526567459,"y":-0.007499161642044783,"z":0.00009076321293832734,"w":0.9999155402183533},"size":26.60165786743164,"orthographic":false}