{"cameraMode":{"drawMode":0,"name":"Shaded","section":"Shading Mode"},"sceneLighting":true,"audioPlay":false,"sceneViewState":{"m_AlwaysRefresh":false,"showFog":true,"showSkybox":true,"showFlares":true,"showImageEffects":true,"showParticleSystems":true,"showVisualEffectGraphs":true,"m_FxEnabled":true},"in2DMode":false,"pivot":{"x":33.23603820800781,"y":16.640485763549806,"z":14.222244262695313},"rotation":{"x":-0.09134095162153244,"y":0.026884740218520166,"z":0.0024672981817275287,"w":0.9954784512519836},"size":46.170692443847659,"orthographic":false}